Crypto Risk Part 1: What Breaks Traders First,risk1,150,,risk-management,Most traders don’t blow up from bad picks—they blow up from bad risk. This guide shows you five proven ways to stay afloat when the market turns rough.,crypto-101; investment,18min,Beginner,25,crypto-101,11 Structured Strategies for Crypto Trading
How the Market Really Works,trade-with-precision,3200,,blockchain-fundamentals; view-all,"Crypto markets are not random. Learn the structures that govern motion — and move with intent, not reaction.",crypto-101,12m,Beginner,25,,
Ichimoku Cloud,ichimoku-cloud,5750,,technical-analysis; view-all,"See the trend, momentum, and key levels — all in one view. The cloud shows where price stands now, and what might lie ahead.",risk-reward-analysis,11min,Intermediate,50,,Clarity Within Complexity
Moving Averages,moving-averages,900,,technical-analysis; view-all,Track the market’s direction over time. Reveals trend strength and where support may form along the way.,risk-reward-analysis,10min,Intermediate,50,,Structure in the Flow
Fibonacci Retracement,fibonacci-retracement,5000,,technical-analysis; view-all,Use after strong price moves to spot likely pullbacks. Adds structure to exits — and removes the guesswork.,risk-reward-analysis,7min,Beginner,25,,Structure Within Movement
Pivot Points,pivot-points,5250,,technical-analysis; view-all,"Let previous price action guide the next. Highlights areas where the market may pause, bounce, or reverse.",risk-reward-analysis,11min,Intermediate,50,,Structure in Preparation
Elliot Wave Theory,elliot-wave-theory,5500,,technical-analysis; view-all,Markets move in waves — not straight lines. This tool helps you recognize those cycles and prepare for what might come next.,risk-reward-analysis,11min,Intermediate,50,,Rhythm Within Chaos
Trendlines,trendlines,4800,,technical-analysis; view-all,"Follow the market’s path with clarity. Highlights direction, support, and when momentum may be about to shift.",risk-reward-analysis,7min,Beginner,25,,Order Within Flow
MACD,macd,6200,Investment,technical-analysis; view-all,Momentum tells the truth before price does. This tool helps you catch early signs of reversals and follow-through.,risk-reward-analysis,,Intermediate,50,,Momentum in Motion
Bollinger Bands,bollinger-bands,6800,,technical-analysis; view-all,"Price moves, bands breathe. This tool shows when the market’s stretched — or ready to release.",risk-reward-analysis,10min,Intermediate,50,,Pressure Building in Silence
Relative Vigor Index,relative-vigor-index,6600,,technical-analysis; view-all,"When price moves, conviction matters. RVI shows whether the push has real strength — or is fading fast.",risk-tiering,9min,Intermediate,50,,Conviction Beneath the Surface
Relative Strength Index,relative-strength-index,6000,,technical-analysis; view-all,Tracks how strong — or tired — a move really is. Highlights potential reversals when pressure builds at the extremes.,risk-reward-analysis,9min,Intermediate,50,,Measuring the Tension in Trend
VWAP,vwap,7500,,technical-analysis; view-all,Shows where most trading happened. Helps you spot fair value and stay aligned with real market pressure.,,9min,Intermediate,50,,The Market’s True Gravity
Stochastic Oscillator,stochastic-oscillator,6400,,technical-analysis; view-all,Compares closing price to recent range. Helps you spot when momentum is fading — and a reversal may be near.,risk-reward-analysis,9min,Intermediate,50,,Momentum in Overdrive
Average True Range,average-true-range,7000,,technical-analysis; view-all,"Volatility made visible. ATR shows how wide the swings are, so you can set smarter stops and manage position size.",risk-reward-analysis,9min,Intermediate,50,,Volatility Measured in Breath
Volume Patterns,volume-patterns,7200,,technical-analysis; view-all,Tracks the force behind the move. Helps confirm price direction — and spot when sentiment is shifting underneath.,risk-reward-analysis,8min,Intermediate,50,,Reading the Market’s Conviction
The FED's Impact on Decentralized Markets,the-feds-impact-on-decentralized-markets,1950,,crypto-culture-ethics; governance-protocols; view-all,Discover how FED and Govermental policies impact your trading.,decentralized-trust; crypto-101; off-chain-governance,50,Intermediate,50,off-chain-governance,
Liquidity - What Holds and What Breaks,liquidity-what-holds-what-breaks,750,Investment,blockchain-fundamentals; view-all,Learn how to tell if a market is strong enough to handle your trade.,liquidity-sweep-pattern; crypto-101,9min,Beginner,25,,
Volume - The Weight of Attention,volume-the-weight-of-attention,2100,,blockchain-fundamentals; view-all,Learn how to read real market commitment through volume.,volume-patterns; volume-divergence; crypto-101,10min,Beginner,25,,
Market Stability - What Holds Before It Moves,compression-before-expansion,2550,,blockchain-fundamentals; view-all,"Before price moves, structure speaks. Learn to listen",crypto-101,11min,Beginner,25,,
Market Cap -  When Size Shapes the System,mass-and-presence,2250,,blockchain-fundamentals; view-all,Learn how market cap reveals not just size — but how much pressure a system can hold.,crypto-101,10min,Beginner,25,,
Real Supply: What’s Actually in Play,real-supply-whats-actually-in-play,2400,Investment,blockchain-fundamentals; view-all,Learn why not all supply matters — only what can move shapes the market.,crypto-101,7,Beginner,25,,
Slippage and the Friction of Execution,slippage-and-the-friction-of-execution,2700,,blockchain-fundamentals; view-all,Slippage isn’t a mistake — it’s how the market tells you what it can’t hold.,crypto-101,10min,Beginner,25,,
The Hidden Cost of Movement,the-hidden-cost-of-movement,2850,,blockchain-fundamentals; view-all,Not all costs are visible — but every system charges something to let you in.,crypto-101,9min,Beginner,25,,
Unshaken,unshaken,3000,,blockchain-fundamentals; view-all,Markets test your strategy — but volatility tests your structure. This we need to know,crypto-101; mental-reset; emotional-resilience,9min,Beginner,25,,
test quiz,test-quiz,,,defi,"This is the post summary and it is very good, I want to read it now .wooooow",bearish-divergence,10,Intermediate,10,,
The Fight for Financial Freedom,the-fight-for-financial-freedom,7800,,crypto-culture-ethics; governance-protocols; view-all,Who really controls your money — and why it matters.,decentralized-trust; off-chain-governance; governance-attacks-640c4,37,Advanced,50,off-chain-governance; finality,
Blockchain in Everyday Life – Trust That Counts,blockchain-in-everyday-life-part1,4000,,view-all; chain-ecosystems,Why your vote still depends on invisible trust — and how blockchain could change that.,voting-power; on-chain-governance; off-chain-governance,7min,Beginner,25,voting-power; decentralized-trust,
Blockchain in Everyday Life – Part 2: Public Memory,blockchain-in-everyday-life-part2,4200,,view-all; chain-ecosystems,Explore who really owns your records — and what happens when your past is no longer yours.,off-chain-governance,7min,Beginner,25,,
Blockchain in Everyday Life – Part 3: Systems Remember,blockchain-in-everyday-life-part3,4400,,view-all; chain-ecosystems,See how blockchain could protect your medical data when the system forgets who you are.,off-chain-governance; on-chain-governance,7min,Beginner,25,,
Blockchain in Everyday Life – Part 4: The Marketplace Rebuilt,blockchain-in-everyday-life-part4,4600,,view-all; chain-ecosystems,Understand how trade looks when contracts don’t rely on middlemen — but still hold true.,on-chain-governance; off-chain-governance,7min,Beginner,25,,
Tutti Frutti Women - More than NFT?,tutti-frutti-women,3800,,net-digital-ownership; view-all,Behind every pixel in Tutti Frutti Women lies more than art — it’s a story of hope. Discover how NFTs can move from collectibles to catalysts for real change.,nft; nft-utility,28min,Beginner,25,,
Tech that Helps: With Control,access2,8800,,crypto-culture-ethics; governance-protocols; view-all,"Learn how new tools like AI, AR/VR, and user-owned credentials can help you understand faster, make safer decisions, and stay fully in control of your money.",futuretech,23min,Intermediate,50,,
Tech that Helps: Without Barriers,access1,9000,,view-all; governance-protocols; crypto-culture-ethics,"Discover how simple choices—clear buttons, captions, offline access—turn crypto from confusing and fragile into something anyone can use with confidence.",futuretech,19min,Intermediate,50,,
Cryptopsyche — Part 4: The Psychonaut’s Paradox,mastering-the-inner-game-an-in-depth-exploration-of-the-traders-psyche-cryptopsyche-3,1800,,crypto-psychology; view-all,"Seven days of pressure—tilts, hype, doubt, noise. You’ll see how practice makes rails run when the chest won’t calm down.",crypto-101; cryptomind,25min,Intermediate,50,,
"Cryptopsyche — Part 3: Fear, Trust & Tribe",deep-dive-into-the-psyche-of-digital-age-traders-cryptopsyche-2,1650,CryptoPsyche,crypto-psychology; view-all,"Fear spikes, loneliness tilts, the crowd pulls, hype seduces. You’ll turn each into data, run the test, and let your rails—not emotion—decide.",crypto-101; cryptomind,25m,Intermediate,50,,
Cryptopsyche — Part 1: Mastering Impulse,mastering-the-psyche-of-the-cryptonauts-cryptopsyche-1,1350,FutureTech,crypto-psychology; view-all,"Wins rush you, losses squeeze you, hype pulls you in. You’ll learn to pause, name the state, and keep your exits and size steady—so your plan trades, not your mood.",crypto-101; cryptomind,21min,Intermediate,50,cryptomind,
Cryptopsyche — Part 2: Disciplin over Impulse,cryptopsyche,1500,CryptoPsyche,crypto-psychology; view-all,"The market won’t beat you in a click—it wears you down in the wait. Here you’ll see how to outlast boredom, resist mood swings, and let repetition turn into strength.",cryptomind; crypto-101,22m,Intermediate,50,,
CBDC Part 1  - The New Stage of Money,cbdc1,8100,FutureTech,risk-management; governance-protocols; view-all,"Learn how central bank digital currencies are reshaping payments, privacy, and stability — and why the choices made today decide how money moves tomorrow.",off-chain-governance; governance-token; on-chain-governance,19min,Intermediate,50,,
CBDC Part 2  - The Edges of Power,cbdc2,8400,,governance-protocols; risk-management; view-all,See how central bank digital currencies promise smoother rails—and why decentralization is still the only check that keeps modernization from becoming control.,,18min,Intermediate,50,,
CBDC Part 3 - Switches & Safeguards,cbdc3,8700,,governance-protocols; view-all; risk-management,"Learn where the hidden switches of CBDCs live—blacklists, caps, upgrades—and how decentralized tools keep them visible, costly, and optional.",governance-token,11min,Intermediate,50,,
What Even Is a Blockchain? Why Tokens Exist at All (1/2),block1,1050,,chain-ecosystems; blockchain-fundamentals; view-all,"If tokens seem like magic numbers on a screen, this guide breaks it down. Learn how blockchains work, why tokens can exist, and how they’re secured",crypto-101,18min,Beginner,25,,
What even is a Blockhain - Why Tokens Survive or Fail (2/2),block2,1200,,chain-ecosystems; blockchain-fundamentals; view-all,"Knowing tokens exist is only step one. This part shows who holds the levers, what drives real value, and how tokens survive bad days.",block-explorers; crypto-101,19min,Beginner,25,,
Crypto Scams Part 1 — How They Take Your Keys,scams1,450,Crypto101,blockchain-fundamentals; view-all,"The blunt traps: fake apps, bad links, and dashboards built to empty your wallet before you know it. Miss this, and you lose custody fast.",crypto-101,24min,Beginner,25,,
Crypto Scams Part 2— How They Make You Hand It Over,scams2,600,,blockchain-fundamentals; view-all,"The polished traps: livestreams, referrals, “support” agents and deepfakes that borrow your trust until you give everything away yourself.",crypto-101,30min,Beginner,25,,
Stablecoins part 1: The Hidden Machine Behind $1,stable1,3350,FutureTech,view-all; crypto-culture-ethics,Most people see $1 and move on. This guide lifts the panel and shows the hidden machinery that makes it hold.,governance-tokenomics,24min,Intermediate,50,,
Stablecoins part 2: When $1 Moves the World,stable2,3600,,crypto-culture-ethics; view-all,"Stablecoins don’t just sit—they move rent, remittances, art, and votes. See how timing, not speed, changes everything.",,24min,Intermediate,50,,
Crypto Risk Part 2: How to Survive the Collapse,risk2,300,,risk-management; view-all,"Storms always come. What separates survivors from casualties is how they prepare, hedge, and measure before the hit lands.",crypto-101; investment; approval-risks,15min,Beginner,25,,
The Door to Crypto  Part 1 — Take Control of Your Crypto,wallets1,0,Crypto101,blockchain-fundamentals; view-all,"Skip this path, and you’ll keep paying tuition to mistakes. Take it, and you’ll walk away with sight, grip, and habits that last.",crypto-101,16min,Beginner,25,,
The Door to Crypto  Part 3 — Build a Secure Wallet System,wallets3,0,,blockchain-fundamentals; view-all,You can’t control markets until you can control your system. This is where you build one that never breaks.,crypto-101,15min,Beginner,25,,
What is a Token 1 - The Token Itself,what-is-a-token,0,Crypto101,blockchain-fundamentals; view-all,"Understand what a token really is - not the hype, but the mechanics behind price, supply, and value.",,19min,Beginner,25,,
What is a Token 2 - The World Around the Token,what-is-a-token-part-2,0,,blockchain-fundamentals; view-all,"Learn who truly controls tokens: code, creators, governments, or markets - and how that power shifts.",,29min,Beginner,25,,
The Door to Crypto Part 2 — Move Crypto Safely and Prove It,wallets2,0,,blockchain-fundamentals; view-all,"Build this base, and nothing the market does can shake you.
Ignore it, and even your wins will rest on sand.",crypto-101,30min,Beginner,25,,
Impermanent Loss 1 - What You Must Know First,impermanent-loss-what-you-must-know-first,1200,,blockchain-fundamentals; risk-management; view-all,Learn why your pool balance shifts and where value slips—so you don’t enter a pool blind.,,19min,Intermediate,30,,
Impermanent Loss 2 - What Happens When Markets Move,impermanent-loss-what-happens-when-markets-move,1230,,blockchain-fundamentals; risk-management; view-all,"See how real pumps, dumps, and fees affect your outcome—so you know if LPing is worth it.",,17min,Intermediate,30,,